"id,kode_provinsi,nama_provinsi,kode_kabupaten_kota,nama_kabupaten_kota,jenis_kelamin,jumlah_kasus,satuan,tahun"
"1,32,""JAWA BARAT"",""KABUPATEN BOGOR"",LAKI-LAKI,915,""ORANG"",2014"
"2,32,""JAWA BARAT"",""KABUPATEN BOGOR"",PEREMPUAN,919,""ORANG"",2014"
"3,32,""JAWA BARAT"",""KABUPATEN SUKABUMI"",LAKI-LAKI,409,""ORANG"",2014"
"4,32,""JAWA BARAT"",""KABUPATEN SUKABUMI"",PEREMPUAN,295,""ORANG"",2014"
"5,32,""JAWA BARAT"",""KABUPATEN CIANJUR"",LAKI-LAKI,200,""ORANG"",2014"
"6,32,""JAWA BARAT"",""KABUPATEN CIANJUR"",PEREMPUAN,139,""ORANG"",2014"
"7,32,""JAWA BARAT"",""KABUPATEN BANDUNG"",LAKI-LAKI,511,""ORANG"",2014"
"8,32,""JAWA BARAT"",""KABUPATEN BANDUNG"",PEREMPUAN,484,""ORANG"",2014"
"9,32,""JAWA BARAT"",""KABUPATEN GARUT"",LAKI-LAKI,274,""ORANG"",2014"
"10,32,""JAWA BARAT"",""KABUPATEN GARUT"",PEREMPUAN,225,""ORANG"",2014"
"11,32,""JAWA BARAT"",""KABUPATEN TASIKMALAYA"",LAKI-LAKI,131,""ORANG"",2014"
"12,32,""JAWA BARAT"",""KABUPATEN TASIKMALAYA"",PEREMPUAN,116,""ORANG"",2014"
"13,32,""JAWA BARAT"",""KABUPATEN CIAMIS"",LAKI-LAKI,168,""ORANG"",2014"
"14,32,""JAWA BARAT"",""KABUPATEN CIAMIS"",PEREMPUAN,139,""ORANG"",2014"
"15,32,""JAWA BARAT"",""KABUPATEN KUNINGAN"",LAKI-LAKI,300,""ORANG"",2014"
"16,32,""JAWA BARAT"",""KABUPATEN KUNINGAN"",PEREMPUAN,245,""ORANG"",2014"
"17,32,""JAWA BARAT"",""KABUPATEN CIREBON"",LAKI-LAKI,433,""ORANG"",2014"
"18,32,""JAWA BARAT"",""KABUPATEN CIREBON"",PEREMPUAN,432,""ORANG"",2014"
"19,32,""JAWA BARAT"",""KABUPATEN MAJALENGKA"",LAKI-LAKI,94,""ORANG"",2014"
"20,32,""JAWA BARAT"",""KABUPATEN MAJALENGKA"",PEREMPUAN,88,""ORANG"",2014"
"21,32,""JAWA BARAT"",""KABUPATEN SUMEDANG"",LAKI-LAKI,288,""ORANG"",2014"
"22,32,""JAWA BARAT"",""KABUPATEN SUMEDANG"",PEREMPUAN,252,""ORANG"",2014"
"23,32,""JAWA BARAT"",""KABUPATEN INDRAMAYU"",LAKI-LAKI,177,""ORANG"",2014"
"24,32,""JAWA BARAT"",""KABUPATEN INDRAMAYU"",PEREMPUAN,146,""ORANG"",2014"
"25,32,""JAWA BARAT"",""KABUPATEN SUBANG"",LAKI-LAKI,562,""ORANG"",2014"
"26,32,""JAWA BARAT"",""KABUPATEN SUBANG"",PEREMPUAN,546,""ORANG"",2014"
"27,32,""JAWA BARAT"",""KABUPATEN PURWAKARTA"",LAKI-LAKI,228,""ORANG"",2014"
"28,32,""JAWA BARAT"",""KABUPATEN PURWAKARTA"",PEREMPUAN,0,""ORANG"",2014"
"29,32,""JAWA BARAT"",""KABUPATEN KARAWANG"",LAKI-LAKI,421,""ORANG"",2014"
"30,32,""JAWA BARAT"",""KABUPATEN KARAWANG"",PEREMPUAN,331,""ORANG"",2014"
"31,32,""JAWA BARAT"",""KABUPATEN BEKASI"",LAKI-LAKI,370,""ORANG"",2014"
"32,32,""JAWA BARAT"",""KABUPATEN BEKASI"",PEREMPUAN,290,""ORANG"",2014"
"33,32,""JAWA BARAT"",""KABUPATEN BANDUNG BARAT"",LAKI-LAKI,455,""ORANG"",2014"
"34,32,""JAWA BARAT"",""KABUPATEN BANDUNG BARAT"",PEREMPUAN,435,""ORANG"",2014"
"35,32,""JAWA BARAT"",""KABUPATEN PANGANDARAN"",LAKI-LAKI,8,""ORANG"",2014"
"36,32,""JAWA BARAT"",""KABUPATEN PANGANDARAN"",PEREMPUAN,5,""ORANG"",2014"
"37,32,""JAWA BARAT"",""KOTA BOGOR"",LAKI-LAKI,381,""ORANG"",2014"
"38,32,""JAWA BARAT"",""KOTA BOGOR"",PEREMPUAN,289,""ORANG"",2014"
"39,32,""JAWA BARAT"",""KOTA SUKABUMI"",LAKI-LAKI,336,""ORANG"",2014"
"40,32,""JAWA BARAT"",""KOTA SUKABUMI"",PEREMPUAN,369,""ORANG"",2014"
"41,32,""JAWA BARAT"",""KOTA BANDUNG"",LAKI-LAKI,1698,""ORANG"",2014"
"42,32,""JAWA BARAT"",""KOTA BANDUNG"",PEREMPUAN,1434,""ORANG"",2014"
"43,32,""JAWA BARAT"",""KOTA CIREBON"",LAKI-LAKI,164,""ORANG"",2014"
"44,32,""JAWA BARAT"",""KOTA CIREBON"",PEREMPUAN,154,""ORANG"",2014"
"45,32,""JAWA BARAT"",""KOTA BEKASI"",LAKI-LAKI,454,""ORANG"",2014"
"46,32,""JAWA BARAT"",""KOTA BEKASI"",PEREMPUAN,367,""ORANG"",2014"
"47,32,""JAWA BARAT"",""KOTA DEPOK"",LAKI-LAKI,579,""ORANG"",2014"
"48,32,""JAWA BARAT"",""KOTA DEPOK"",PEREMPUAN,401,""ORANG"",2014"
"49,32,""JAWA BARAT"",""KOTA CIMAHI"",LAKI-LAKI,262,""ORANG"",2014"
"50,32,""JAWA BARAT"",""KOTA CIMAHI"",PEREMPUAN,252,""ORANG"",2014"
"51,32,""JAWA BARAT"",""KOTA TASIKMALAYA"",LAKI-LAKI,434,""ORANG"",2014"
"52,32,""JAWA BARAT"",""KOTA TASIKMALAYA"",PEREMPUAN,405,""ORANG"",2014"
"53,32,""JAWA BARAT"",""KOTA BANJAR"",LAKI-LAKI,68,""ORANG"",2014"
"54,32,""JAWA BARAT"",""KOTA BANJAR"",PEREMPUAN,61,""ORANG"",2014"
"55,32,""JAWA BARAT"",""KABUPATEN BOGOR"",LAKI-LAKI,0,""ORANG"",2015"
"56,32,""JAWA BARAT"",""KABUPATEN BOGOR"",PEREMPUAN,0,""ORANG"",2015"
"57,32,""JAWA BARAT"",""KABUPATEN SUKABUMI"",LAKI-LAKI,152,""ORANG"",2015"
"58,32,""JAWA BARAT"",""KABUPATEN SUKABUMI"",PEREMPUAN,193,""ORANG"",2015"
"59,32,""JAWA BARAT"",""KABUPATEN CIANJUR"",LAKI-LAKI,304,""ORANG"",2015"
"60,32,""JAWA BARAT"",""KABUPATEN CIANJUR"",PEREMPUAN,228,""ORANG"",2015"
"61,32,""JAWA BARAT"",""KABUPATEN BANDUNG"",LAKI-LAKI,0,""ORANG"",2015"
"62,32,""JAWA BARAT"",""KABUPATEN BANDUNG"",PEREMPUAN,0,""ORANG"",2015"
"63,32,""JAWA BARAT"",""KABUPATEN GARUT"",LAKI-LAKI,187,""ORANG"",2015"
"64,32,""JAWA BARAT"",""KABUPATEN GARUT"",PEREMPUAN,149,""ORANG"",2015"
"65,32,""JAWA BARAT"",""KABUPATEN TASIKMALAYA"",LAKI-LAKI,238,""ORANG"",2015"
"66,32,""JAWA BARAT"",""KABUPATEN TASIKMALAYA"",PEREMPUAN,150,""ORANG"",2015"
"67,32,""JAWA BARAT"",""KABUPATEN CIAMIS"",LAKI-LAKI,0,""ORANG"",2015"
"68,32,""JAWA BARAT"",""KABUPATEN CIAMIS"",PEREMPUAN,0,""ORANG"",2015"
"69,32,""JAWA BARAT"",""KABUPATEN KUNINGAN"",LAKI-LAKI,537,""ORANG"",2015"
"70,32,""JAWA BARAT"",""KABUPATEN KUNINGAN"",PEREMPUAN,471,""ORANG"",2015"
"71,32,""JAWA BARAT"",""KABUPATEN CIREBON"",LAKI-LAKI,654,""ORANG"",2015"
"72,32,""JAWA BARAT"",""KABUPATEN CIREBON"",PEREMPUAN,593,""ORANG"",2015"
"73,32,""JAWA BARAT"",""KABUPATEN MAJALENGKA"",LAKI-LAKI,174,""ORANG"",2015"
"74,32,""JAWA BARAT"",""KABUPATEN MAJALENGKA"",PEREMPUAN,132,""ORANG"",2015"
"75,32,""JAWA BARAT"",""KABUPATEN SUMEDANG"",LAKI-LAKI,344,""ORANG"",2015"
"76,32,""JAWA BARAT"",""KABUPATEN SUMEDANG"",PEREMPUAN,347,""ORANG"",2015"
"77,32,""JAWA BARAT"",""KABUPATEN INDRAMAYU"",LAKI-LAKI,330,""ORANG"",2015"
"78,32,""JAWA BARAT"",""KABUPATEN INDRAMAYU"",PEREMPUAN,314,""ORANG"",2015"
"79,32,""JAWA BARAT"",""KABUPATEN SUBANG"",LAKI-LAKI,335,""ORANG"",2015"
"80,32,""JAWA BARAT"",""KABUPATEN SUBANG"",PEREMPUAN,32,""ORANG"",2015"
"81,32,""JAWA BARAT"",""KABUPATEN PURWAKARTA"",LAKI-LAKI,265,""ORANG"",2015"
"82,32,""JAWA BARAT"",""KABUPATEN PURWAKARTA"",PEREMPUAN,253,""ORANG"",2015"
"83,32,""JAWA BARAT"",""KABUPATEN KARAWANG"",LAKI-LAKI,300,""ORANG"",2015"
"84,32,""JAWA BARAT"",""KABUPATEN KARAWANG"",PEREMPUAN,269,""ORANG"",2015"
"85,32,""JAWA BARAT"",""KABUPATEN BEKASI"",LAKI-LAKI,521,""ORANG"",2015"
"86,32,""JAWA BARAT"",""KABUPATEN BEKASI"",PEREMPUAN,366,""ORANG"",2015"
"87,32,""JAWA BARAT"",""KABUPATEN BANDUNG BARAT"",LAKI-LAKI,643,""ORANG"",2015"
"88,32,""JAWA BARAT"",""KABUPATEN BANDUNG BARAT"",PEREMPUAN,589,""ORANG"",2015"
"89,32,""JAWA BARAT"",""KABUPATEN PANGANDARAN"",LAKI-LAKI,14,""ORANG"",2015"
"90,32,""JAWA BARAT"",""KABUPATEN PANGANDARAN"",PEREMPUAN,2,""ORANG"",2015"
"91,32,""JAWA BARAT"",""KOTA BOGOR"",LAKI-LAKI,581,""ORANG"",2015"
"92,32,""JAWA BARAT"",""KOTA BOGOR"",PEREMPUAN,526,""ORANG"",2015"
"93,32,""JAWA BARAT"",""KOTA SUKABUMI"",LAKI-LAKI,399,""ORANG"",2015"
"94,32,""JAWA BARAT"",""KOTA SUKABUMI"",PEREMPUAN,394,""ORANG"",2015"
"95,32,""JAWA BARAT"",""KOTA BANDUNG"",LAKI-LAKI,1822,""ORANG"",2015"
"96,32,""JAWA BARAT"",""KOTA BANDUNG"",PEREMPUAN,1818,""ORANG"",2015"
"97,32,""JAWA BARAT"",""KOTA CIREBON"",LAKI-LAKI,128,""ORANG"",2015"
"98,32,""JAWA BARAT"",""KOTA CIREBON"",PEREMPUAN,92,""ORANG"",2015"
"99,32,""JAWA BARAT"",""KOTA BEKASI"",LAKI-LAKI,531,""ORANG"",2015"
"100,32,""JAWA BARAT"",""KOTA BEKASI"",PEREMPUAN,456,""ORANG"",2015"
"101,32,""JAWA BARAT"",""KOTA DEPOK"",LAKI-LAKI,936,""ORANG"",2015"
"102,32,""JAWA BARAT"",""KOTA DEPOK"",PEREMPUAN,848,""ORANG"",2015"
"103,32,""JAWA BARAT"",""KOTA CIMAHI"",LAKI-LAKI,409,""ORANG"",2015"
"104,32,""JAWA BARAT"",""KOTA CIMAHI"",PEREMPUAN,383,""ORANG"",2015"
"105,32,""JAWA BARAT"",""KOTA TASIKMALAYA"",LAKI-LAKI,402,""ORANG"",2015"
"106,32,""JAWA BARAT"",""KOTA TASIKMALAYA"",PEREMPUAN,395,""ORANG"",2015"
"107,32,""JAWA BARAT"",""KOTA BANJAR"",LAKI-LAKI,36,""ORANG"",2015"
"108,32,""JAWA BARAT"",""KOTA BANJAR"",PEREMPUAN,39,""ORANG"",2015"
"109,32,""JAWA BARAT"",""KABUPATEN BOGOR"",LAKI-LAKI,1725,""ORANG"",2016"
"110,32,""JAWA BARAT"",""KABUPATEN BOGOR"",PEREMPUAN,1699,""ORANG"",2016"
"111,32,""JAWA BARAT"",""KABUPATEN SUKABUMI"",LAKI-LAKI,419,""ORANG"",2016"
"112,32,""JAWA BARAT"",""KABUPATEN SUKABUMI"",PEREMPUAN,374,""ORANG"",2016"
"113,32,""JAWA BARAT"",""KABUPATEN CIANJUR"",LAKI-LAKI,434,""ORANG"",2016"
"114,32,""JAWA BARAT"",""KABUPATEN CIANJUR"",PEREMPUAN,365,""ORANG"",2016"
"115,32,""JAWA BARAT"",""KABUPATEN BANDUNG"",LAKI-LAKI,1664,""ORANG"",2016"
"116,32,""JAWA BARAT"",""KABUPATEN BANDUNG"",PEREMPUAN,1708,""ORANG"",2016"
"117,32,""JAWA BARAT"",""KABUPATEN GARUT"",LAKI-LAKI,291,""ORANG"",2016"
"118,32,""JAWA BARAT"",""KABUPATEN GARUT"",PEREMPUAN,225,""ORANG"",2016"
"119,32,""JAWA BARAT"",""KABUPATEN TASIKMALAYA"",LAKI-LAKI,229,""ORANG"",2016"
"120,32,""JAWA BARAT"",""KABUPATEN TASIKMALAYA"",PEREMPUAN,250,""ORANG"",2016"
"121,32,""JAWA BARAT"",""KABUPATEN CIAMIS"",LAKI-LAKI,387,""ORANG"",2016"
"122,32,""JAWA BARAT"",""KABUPATEN CIAMIS"",PEREMPUAN,361,""ORANG"",2016"
"123,32,""JAWA BARAT"",""KABUPATEN KUNINGAN"",LAKI-LAKI,933,""ORANG"",2016"
"124,32,""JAWA BARAT"",""KABUPATEN KUNINGAN"",PEREMPUAN,781,""ORANG"",2016"
"125,32,""JAWA BARAT"",""KABUPATEN CIREBON"",LAKI-LAKI,940,""ORANG"",2016"
"126,32,""JAWA BARAT"",""KABUPATEN CIREBON"",PEREMPUAN,937,""ORANG"",2016"
"127,32,""JAWA BARAT"",""KABUPATEN MAJALENGKA"",LAKI-LAKI,176,""ORANG"",2016"
"128,32,""JAWA BARAT"",""KABUPATEN MAJALENGKA"",PEREMPUAN,152,""ORANG"",2016"
"129,32,""JAWA BARAT"",""KABUPATEN SUMEDANG"",LAKI-LAKI,475,""ORANG"",2016"
"130,32,""JAWA BARAT"",""KABUPATEN SUMEDANG"",PEREMPUAN,433,""ORANG"",2016"
"131,32,""JAWA BARAT"",""KABUPATEN INDRAMAYU"",LAKI-LAKI,483,""ORANG"",2016"
"132,32,""JAWA BARAT"",""KABUPATEN INDRAMAYU"",PEREMPUAN,477,""ORANG"",2016"
"133,32,""JAWA BARAT"",""KABUPATEN SUBANG"",LAKI-LAKI,428,""ORANG"",2016"
"134,32,""JAWA BARAT"",""KABUPATEN SUBANG"",PEREMPUAN,271,""ORANG"",2016"
"135,32,""JAWA BARAT"",""KABUPATEN PURWAKARTA"",LAKI-LAKI,424,""ORANG"",2016"
"136,32,""JAWA BARAT"",""KABUPATEN PURWAKARTA"",PEREMPUAN,361,""ORANG"",2016"
"137,32,""JAWA BARAT"",""KABUPATEN KARAWANG"",LAKI-LAKI,546,""ORANG"",2016"
"138,32,""JAWA BARAT"",""KABUPATEN KARAWANG"",PEREMPUAN,513,""ORANG"",2016"
"139,32,""JAWA BARAT"",""KABUPATEN BEKASI"",LAKI-LAKI,910,""ORANG"",2016"
"140,32,""JAWA BARAT"",""KABUPATEN BEKASI"",PEREMPUAN,703,""ORANG"",2016"
"141,32,""JAWA BARAT"",""KABUPATEN BANDUNG BARAT"",LAKI-LAKI,815,""ORANG"",2016"
"142,32,""JAWA BARAT"",""KABUPATEN BANDUNG BARAT"",PEREMPUAN,739,""ORANG"",2016"
"143,32,""JAWA BARAT"",""KABUPATEN PANGANDARAN"",LAKI-LAKI,73,""ORANG"",2016"
"144,32,""JAWA BARAT"",""KABUPATEN PANGANDARAN"",PEREMPUAN,70,""ORANG"",2016"
"145,32,""JAWA BARAT"",""KOTA BOGOR"",LAKI-LAKI,658,""ORANG"",2016"
"146,32,""JAWA BARAT"",""KOTA BOGOR"",PEREMPUAN,566,""ORANG"",2016"
"147,32,""JAWA BARAT"",""KOTA SUKABUMI"",LAKI-LAKI,431,""ORANG"",2016"
"148,32,""JAWA BARAT"",""KOTA SUKABUMI"",PEREMPUAN,511,""ORANG"",2016"
"149,32,""JAWA BARAT"",""KOTA BANDUNG"",LAKI-LAKI,2054,""ORANG"",2016"
"150,32,""JAWA BARAT"",""KOTA BANDUNG"",PEREMPUAN,1827,""ORANG"",2016"
"151,32,""JAWA BARAT"",""KOTA CIREBON"",LAKI-LAKI,590,""ORANG"",2016"
"152,32,""JAWA BARAT"",""KOTA CIREBON"",PEREMPUAN,521,""ORANG"",2016"
"153,32,""JAWA BARAT"",""KOTA BEKASI"",LAKI-LAKI,1972,""ORANG"",2016"
"154,32,""JAWA BARAT"",""KOTA BEKASI"",PEREMPUAN,1841,""ORANG"",2016"
"155,32,""JAWA BARAT"",""KOTA DEPOK"",LAKI-LAKI,1285,""ORANG"",2016"
"156,32,""JAWA BARAT"",""KOTA DEPOK"",PEREMPUAN,1270,""ORANG"",2016"
"157,32,""JAWA BARAT"",""KOTA CIMAHI"",LAKI-LAKI,483,""ORANG"",2016"
"158,32,""JAWA BARAT"",""KOTA CIMAHI"",PEREMPUAN,516,""ORANG"",2016"
"159,32,""JAWA BARAT"",""KOTA TASIKMALAYA"",LAKI-LAKI,381,""ORANG"",2016"
"160,32,""JAWA BARAT"",""KOTA TASIKMALAYA"",PEREMPUAN,373,""ORANG"",2016"
"161,32,""JAWA BARAT"",""KOTA BANJAR"",LAKI-LAKI,175,""ORANG"",2016"
"162,32,""JAWA BARAT"",""KOTA BANJAR"",PEREMPUAN,193,""ORANG"",2016"
"163,32,""JAWA BARAT"",""KABUPATEN BOGOR"",LAKI-LAKI,164,""ORANG"",2017"
"164,32,""JAWA BARAT"",""KABUPATEN BOGOR"",PEREMPUAN,113,""ORANG"",2017"
"165,32,""JAWA BARAT"",""KABUPATEN SUKABUMI"",LAKI-LAKI,136,""ORANG"",2017"
"166,32,""JAWA BARAT"",""KABUPATEN SUKABUMI"",PEREMPUAN,120,""ORANG"",2017"
"167,32,""JAWA BARAT"",""KABUPATEN CIANJUR"",LAKI-LAKI,0,""ORANG"",2017"
"168,32,""JAWA BARAT"",""KABUPATEN CIANJUR"",PEREMPUAN,0,""ORANG"",2017"
"169,32,""JAWA BARAT"",""KABUPATEN BANDUNG"",LAKI-LAKI,0,""ORANG"",2017"
"170,32,""JAWA BARAT"",""KABUPATEN BANDUNG"",PEREMPUAN,0,""ORANG"",2017"
"171,32,""JAWA BARAT"",""KABUPATEN GARUT"",LAKI-LAKI,206,""ORANG"",2017"
"172,32,""JAWA BARAT"",""KABUPATEN GARUT"",PEREMPUAN,200,""ORANG"",2017"
"173,32,""JAWA BARAT"",""KABUPATEN TASIKMALAYA"",LAKI-LAKI,105,""ORANG"",2017"
"174,32,""JAWA BARAT"",""KABUPATEN TASIKMALAYA"",PEREMPUAN,119,""ORANG"",2017"
"175,32,""JAWA BARAT"",""KABUPATEN CIAMIS"",LAKI-LAKI,31,""ORANG"",2017"
"176,32,""JAWA BARAT"",""KABUPATEN CIAMIS"",PEREMPUAN,16,""ORANG"",2017"
"177,32,""JAWA BARAT"",""KABUPATEN KUNINGAN"",LAKI-LAKI,386,""ORANG"",2017"
"178,32,""JAWA BARAT"",""KABUPATEN KUNINGAN"",PEREMPUAN,342,""ORANG"",2017"
"179,32,""JAWA BARAT"",""KABUPATEN CIREBON"",LAKI-LAKI,151,""ORANG"",2017"
"180,32,""JAWA BARAT"",""KABUPATEN CIREBON"",PEREMPUAN,123,""ORANG"",2017"
"181,32,""JAWA BARAT"",""KABUPATEN MAJALENGKA"",LAKI-LAKI,57,""ORANG"",2017"
"182,32,""JAWA BARAT"",""KABUPATEN MAJALENGKA"",PEREMPUAN,55,""ORANG"",2017"
"183,32,""JAWA BARAT"",""KABUPATEN SUMEDANG"",LAKI-LAKI,95,""ORANG"",2017"
"184,32,""JAWA BARAT"",""KABUPATEN SUMEDANG"",PEREMPUAN,89,""ORANG"",2017"
"185,32,""JAWA BARAT"",""KABUPATEN INDRAMAYU"",LAKI-LAKI,69,""ORANG"",2017"
"186,32,""JAWA BARAT"",""KABUPATEN INDRAMAYU"",PEREMPUAN,44,""ORANG"",2017"
"187,32,""JAWA BARAT"",""KABUPATEN SUBANG"",LAKI-LAKI,69,""ORANG"",2017"
"188,32,""JAWA BARAT"",""KABUPATEN SUBANG"",PEREMPUAN,35,""ORANG"",2017"
"189,32,""JAWA BARAT"",""KABUPATEN PURWAKARTA"",LAKI-LAKI,76,""ORANG"",2017"
"190,32,""JAWA BARAT"",""KABUPATEN PURWAKARTA"",PEREMPUAN,46,""ORANG"",2017"
"191,32,""JAWA BARAT"",""KABUPATEN KARAWANG"",LAKI-LAKI,54,""ORANG"",2017"
"192,32,""JAWA BARAT"",""KABUPATEN KARAWANG"",PEREMPUAN,48,""ORANG"",2017"
"193,32,""JAWA BARAT"",""KABUPATEN BEKASI"",LAKI-LAKI,187,""ORANG"",2017"
"194,32,""JAWA BARAT"",""KABUPATEN BEKASI"",PEREMPUAN,145,""ORANG"",2017"
"195,32,""JAWA BARAT"",""KABUPATEN BANDUNG BARAT"",LAKI-LAKI,107,""ORANG"",2017"
"196,32,""JAWA BARAT"",""KABUPATEN BANDUNG BARAT"",PEREMPUAN,94,""ORANG"",2017"
"197,32,""JAWA BARAT"",""KABUPATEN PANGANDARAN"",LAKI-LAKI,93,""ORANG"",2017"
"198,32,""JAWA BARAT"",""KABUPATEN PANGANDARAN"",PEREMPUAN,82,""ORANG"",2017"
"199,32,""JAWA BARAT"",""KOTA BOGOR"",LAKI-LAKI,465,""ORANG"",2017"
"200,32,""JAWA BARAT"",""KOTA BOGOR"",PEREMPUAN,390,""ORANG"",2017"
"201,32,""JAWA BARAT"",""KOTA SUKABUMI"",LAKI-LAKI,188,""ORANG"",2017"
"202,32,""JAWA BARAT"",""KOTA SUKABUMI"",PEREMPUAN,164,""ORANG"",2017"
"203,32,""JAWA BARAT"",""KOTA BANDUNG"",LAKI-LAKI,980,""ORANG"",2017"
"204,32,""JAWA BARAT"",""KOTA BANDUNG"",PEREMPUAN,806,""ORANG"",2017"
"205,32,""JAWA BARAT"",""KOTA CIREBON"",LAKI-LAKI,27,""ORANG"",2017"
"206,32,""JAWA BARAT"",""KOTA CIREBON"",PEREMPUAN,26,""ORANG"",2017"
"207,32,""JAWA BARAT"",""KOTA BEKASI"",LAKI-LAKI,378,""ORANG"",2017"
"208,32,""JAWA BARAT"",""KOTA BEKASI"",PEREMPUAN,321,""ORANG"",2017"
"209,32,""JAWA BARAT"",""KOTA DEPOK"",LAKI-LAKI,270,""ORANG"",2017"
"210,32,""JAWA BARAT"",""KOTA DEPOK"",PEREMPUAN,278,""ORANG"",2017"
"211,32,""JAWA BARAT"",""KOTA CIMAHI"",LAKI-LAKI,114,""ORANG"",2017"
"212,32,""JAWA BARAT"",""KOTA CIMAHI"",PEREMPUAN,199,""ORANG"",2017"
"213,32,""JAWA BARAT"",""KOTA TASIKMALAYA"",LAKI-LAKI,172,""ORANG"",2017"
"214,32,""JAWA BARAT"",""KOTA TASIKMALAYA"",PEREMPUAN,126,""ORANG"",2017"
"215,32,""JAWA BARAT"",""KOTA BANJAR"",LAKI-LAKI,0,""ORANG"",2017"
"216,32,""JAWA BARAT"",""KOTA BANJAR"",PEREMPUAN,0,""ORANG"",2017"
"217,32,""JAWA BARAT"",""KABUPATEN BOGOR"",LAKI-LAKI,378,""ORANG"",2018"
"218,32,""JAWA BARAT"",""KABUPATEN BOGOR"",PEREMPUAN,363,""ORANG"",2018"
"219,32,""JAWA BARAT"",""KABUPATEN SUKABUMI"",LAKI-LAKI,107,""ORANG"",2018"
"220,32,""JAWA BARAT"",""KABUPATEN SUKABUMI"",PEREMPUAN,126,""ORANG"",2018"
"221,32,""JAWA BARAT"",""KABUPATEN CIANJUR"",LAKI-LAKI,65,""ORANG"",2018"
"222,32,""JAWA BARAT"",""KABUPATEN CIANJUR"",PEREMPUAN,48,""ORANG"",2018"
"223,32,""JAWA BARAT"",""KABUPATEN BANDUNG"",LAKI-LAKI,904,""ORANG"",2018"
"224,32,""JAWA BARAT"",""KABUPATEN BANDUNG"",PEREMPUAN,870,""ORANG"",2018"
"225,32,""JAWA BARAT"",""KABUPATEN GARUT"",LAKI-LAKI,201,""ORANG"",2018"
"226,32,""JAWA BARAT"",""KABUPATEN GARUT"",PEREMPUAN,130,""ORANG"",2018"
"227,32,""JAWA BARAT"",""KABUPATEN TASIKMALAYA"",LAKI-LAKI,88,""ORANG"",2018"
"228,32,""JAWA BARAT"",""KABUPATEN TASIKMALAYA"",PEREMPUAN,108,""ORANG"",2018"
"229,32,""JAWA BARAT"",""KABUPATEN CIAMIS"",LAKI-LAKI,18,""ORANG"",2018"
"230,32,""JAWA BARAT"",""KABUPATEN CIAMIS"",PEREMPUAN,11,""ORANG"",2018"
"231,32,""JAWA BARAT"",""KABUPATEN KUNINGAN"",LAKI-LAKI,189,""ORANG"",2018"
"232,32,""JAWA BARAT"",""KABUPATEN KUNINGAN"",PEREMPUAN,163,""ORANG"",2018"
"233,32,""JAWA BARAT"",""KABUPATEN CIREBON"",LAKI-LAKI,122,""ORANG"",2018"
"234,32,""JAWA BARAT"",""KABUPATEN CIREBON"",PEREMPUAN,93,""ORANG"",2018"
"235,32,""JAWA BARAT"",""KABUPATEN MAJALENGKA"",LAKI-LAKI,50,""ORANG"",2018"
"236,32,""JAWA BARAT"",""KABUPATEN MAJALENGKA"",PEREMPUAN,58,""ORANG"",2018"
"237,32,""JAWA BARAT"",""KABUPATEN SUMEDANG"",LAKI-LAKI,173,""ORANG"",2018"
"238,32,""JAWA BARAT"",""KABUPATEN SUMEDANG"",PEREMPUAN,235,""ORANG"",2018"
"239,32,""JAWA BARAT"",""KABUPATEN INDRAMAYU"",LAKI-LAKI,466,""ORANG"",2018"
"240,32,""JAWA BARAT"",""KABUPATEN INDRAMAYU"",PEREMPUAN,445,""ORANG"",2018"
"241,32,""JAWA BARAT"",""KABUPATEN SUBANG"",LAKI-LAKI,81,""ORANG"",2018"
"242,32,""JAWA BARAT"",""KABUPATEN SUBANG"",PEREMPUAN,62,""ORANG"",2018"
"243,32,""JAWA BARAT"",""KABUPATEN PURWAKARTA"",LAKI-LAKI,151,""ORANG"",2018"
"244,32,""JAWA BARAT"",""KABUPATEN PURWAKARTA"",PEREMPUAN,112,""ORANG"",2018"
"245,32,""JAWA BARAT"",""KABUPATEN KARAWANG"",LAKI-LAKI,32,""ORANG"",2018"
"246,32,""JAWA BARAT"",""KABUPATEN KARAWANG"",PEREMPUAN,28,""ORANG"",2018"
"247,32,""JAWA BARAT"",""KABUPATEN BEKASI"",LAKI-LAKI,84,""ORANG"",2018"
"248,32,""JAWA BARAT"",""KABUPATEN BEKASI"",PEREMPUAN,97,""ORANG"",2018"
"249,32,""JAWA BARAT"",""KABUPATEN BANDUNG BARAT"",LAKI-LAKI,212,""ORANG"",2018"
"250,32,""JAWA BARAT"",""KABUPATEN BANDUNG BARAT"",PEREMPUAN,207,""ORANG"",2018"
"251,32,""JAWA BARAT"",""KABUPATEN PANGANDARAN"",LAKI-LAKI,41,""ORANG"",2018"
"252,32,""JAWA BARAT"",""KABUPATEN PANGANDARAN"",PEREMPUAN,34,""ORANG"",2018"
"253,32,""JAWA BARAT"",""KOTA BOGOR"",LAKI-LAKI,442,""ORANG"",2018"
"254,32,""JAWA BARAT"",""KOTA BOGOR"",PEREMPUAN,285,""ORANG"",2018"
"255,32,""JAWA BARAT"",""KOTA SUKABUMI"",LAKI-LAKI,118,""ORANG"",2018"
"256,32,""JAWA BARAT"",""KOTA SUKABUMI"",PEREMPUAN,120,""ORANG"",2018"
"257,32,""JAWA BARAT"",""KOTA BANDUNG"",LAKI-LAKI,1453,""ORANG"",2018"
"258,32,""JAWA BARAT"",""KOTA BANDUNG"",PEREMPUAN,1373,""ORANG"",2018"
"259,32,""JAWA BARAT"",""KOTA CIREBON"",LAKI-LAKI,13,""ORANG"",2018"
"260,32,""JAWA BARAT"",""KOTA CIREBON"",PEREMPUAN,11,""ORANG"",2018"
"261,32,""JAWA BARAT"",""KOTA BEKASI"",LAKI-LAKI,337,""ORANG"",2018"
"262,32,""JAWA BARAT"",""KOTA BEKASI"",PEREMPUAN,289,""ORANG"",2018"
"263,32,""JAWA BARAT"",""KOTA DEPOK"",LAKI-LAKI,475,""ORANG"",2018"
"264,32,""JAWA BARAT"",""KOTA DEPOK"",PEREMPUAN,416,""ORANG"",2018"
"265,32,""JAWA BARAT"",""KOTA CIMAHI"",LAKI-LAKI,145,""ORANG"",2018"
"266,32,""JAWA BARAT"",""KOTA CIMAHI"",PEREMPUAN,143,""ORANG"",2018"
"267,32,""JAWA BARAT"",""KOTA TASIKMALAYA"",LAKI-LAKI,100,""ORANG"",2018"
"268,32,""JAWA BARAT"",""KOTA TASIKMALAYA"",PEREMPUAN,123,""ORANG"",2018"
"269,32,""JAWA BARAT"",""KOTA BANJAR"",LAKI-LAKI,48,""ORANG"",2018"
"270,32,""JAWA BARAT"",""KOTA BANJAR"",PEREMPUAN,49,""ORANG"",2018"
"271,32,""JAWA BARAT"",""KABUPATEN BOGOR"",LAKI-LAKI,634,""ORANG"",2019"
"272,32,""JAWA BARAT"",""KABUPATEN BOGOR"",PEREMPUAN,576,""ORANG"",2019"
"273,32,""JAWA BARAT"",""KABUPATEN SUKABUMI"",LAKI-LAKI,309,""ORANG"",2019"
"274,32,""JAWA BARAT"",""KABUPATEN SUKABUMI"",PEREMPUAN,307,""ORANG"",2019"
"275,32,""JAWA BARAT"",""KABUPATEN CIANJUR"",LAKI-LAKI,394,""ORANG"",2019"
"276,32,""JAWA BARAT"",""KABUPATEN CIANJUR"",PEREMPUAN,249,""ORANG"",2019"
"277,32,""JAWA BARAT"",""KABUPATEN BANDUNG"",LAKI-LAKI,1306,""ORANG"",2019"
"278,32,""JAWA BARAT"",""KABUPATEN BANDUNG"",PEREMPUAN,1329,""ORANG"",2019"
"279,32,""JAWA BARAT"",""KABUPATEN GARUT"",LAKI-LAKI,374,""ORANG"",2019"
"280,32,""JAWA BARAT"",""KABUPATEN GARUT"",PEREMPUAN,395,""ORANG"",2019"
"281,32,""JAWA BARAT"",""KABUPATEN TASIKMALAYA"",LAKI-LAKI,111,""ORANG"",2019"
"282,32,""JAWA BARAT"",""KABUPATEN TASIKMALAYA"",PEREMPUAN,99,""ORANG"",2019"
"283,32,""JAWA BARAT"",""KABUPATEN CIAMIS"",LAKI-LAKI,212,""ORANG"",2019"
"284,32,""JAWA BARAT"",""KABUPATEN CIAMIS"",PEREMPUAN,192,""ORANG"",2019"
"285,32,""JAWA BARAT"",""KABUPATEN KUNINGAN"",LAKI-LAKI,262,""ORANG"",2019"
"286,32,""JAWA BARAT"",""KABUPATEN KUNINGAN"",PEREMPUAN,243,""ORANG"",2019"
"287,32,""JAWA BARAT"",""KABUPATEN CIREBON"",LAKI-LAKI,638,""ORANG"",2019"
"288,32,""JAWA BARAT"",""KABUPATEN CIREBON"",PEREMPUAN,653,""ORANG"",2019"
"289,32,""JAWA BARAT"",""KABUPATEN MAJALENGKA"",LAKI-LAKI,244,""ORANG"",2019"
"290,32,""JAWA BARAT"",""KABUPATEN MAJALENGKA"",PEREMPUAN,213,""ORANG"",2019"
"291,32,""JAWA BARAT"",""KABUPATEN SUMEDANG"",LAKI-LAKI,339,""ORANG"",2019"
"292,32,""JAWA BARAT"",""KABUPATEN SUMEDANG"",PEREMPUAN,324,""ORANG"",2019"
"293,32,""JAWA BARAT"",""KABUPATEN INDRAMAYU"",LAKI-LAKI,128,""ORANG"",2019"
"294,32,""JAWA BARAT"",""KABUPATEN INDRAMAYU"",PEREMPUAN,94,""ORANG"",2019"
"295,32,""JAWA BARAT"",""KABUPATEN SUBANG"",LAKI-LAKI,166,""ORANG"",2019"
"296,32,""JAWA BARAT"",""KABUPATEN SUBANG"",PEREMPUAN,104,""ORANG"",2019"
"297,32,""JAWA BARAT"",""KABUPATEN PURWAKARTA"",LAKI-LAKI,298,""ORANG"",2019"
"298,32,""JAWA BARAT"",""KABUPATEN PURWAKARTA"",PEREMPUAN,246,""ORANG"",2019"
"299,32,""JAWA BARAT"",""KABUPATEN KARAWANG"",LAKI-LAKI,132,""ORANG"",2019"
"300,32,""JAWA BARAT"",""KABUPATEN KARAWANG"",PEREMPUAN,67,""ORANG"",2019"
"301,32,""JAWA BARAT"",""KABUPATEN BEKASI"",LAKI-LAKI,268,""ORANG"",2019"
"302,32,""JAWA BARAT"",""KABUPATEN BEKASI"",PEREMPUAN,243,""ORANG"",2019"
"303,32,""JAWA BARAT"",""KABUPATEN BANDUNG BARAT"",LAKI-LAKI,855,""ORANG"",2019"
"304,32,""JAWA BARAT"",""KABUPATEN BANDUNG BARAT"",PEREMPUAN,851,""ORANG"",2019"
"305,32,""JAWA BARAT"",""KABUPATEN PANGANDARAN"",LAKI-LAKI,73,""ORANG"",2019"
"306,32,""JAWA BARAT"",""KABUPATEN PANGANDARAN"",PEREMPUAN,85,""ORANG"",2019"
"307,32,""JAWA BARAT"",""KOTA BOGOR"",LAKI-LAKI,333,""ORANG"",2019"
"308,32,""JAWA BARAT"",""KOTA BOGOR"",PEREMPUAN,278,""ORANG"",2019"
"309,32,""JAWA BARAT"",""KOTA SUKABUMI"",LAKI-LAKI,401,""ORANG"",2019"
"310,32,""JAWA BARAT"",""KOTA SUKABUMI"",PEREMPUAN,385,""ORANG"",2019"
"311,32,""JAWA BARAT"",""KOTA BANDUNG"",LAKI-LAKI,2322,""ORANG"",2019"
"312,32,""JAWA BARAT"",""KOTA BANDUNG"",PEREMPUAN,2102,""ORANG"",2019"
"313,32,""JAWA BARAT"",""KOTA CIREBON"",LAKI-LAKI,81,""ORANG"",2019"
"314,32,""JAWA BARAT"",""KOTA CIREBON"",PEREMPUAN,54,""ORANG"",2019"
"315,32,""JAWA BARAT"",""KOTA BEKASI"",LAKI-LAKI,1222,""ORANG"",2019"
"316,32,""JAWA BARAT"",""KOTA BEKASI"",PEREMPUAN,1151,""ORANG"",2019"
"317,32,""JAWA BARAT"",""KOTA DEPOK"",LAKI-LAKI,1162,""ORANG"",2019"
"318,32,""JAWA BARAT"",""KOTA DEPOK"",PEREMPUAN,1038,""ORANG"",2019"
"319,32,""JAWA BARAT"",""KOTA CIMAHI"",LAKI-LAKI,518,""ORANG"",2019"
"320,32,""JAWA BARAT"",""KOTA CIMAHI"",PEREMPUAN,502,""ORANG"",2019"
"321,32,""JAWA BARAT"",""KOTA TASIKMALAYA"",LAKI-LAKI,357,""ORANG"",2019"
"322,32,""JAWA BARAT"",""KOTA TASIKMALAYA"",PEREMPUAN,301,""ORANG"",2019"
"323,32,""JAWA BARAT"",""KOTA BANJAR"",LAKI-LAKI,27,""ORANG"",2019"
"324,32,""JAWA BARAT"",""KOTA BANJAR"",PEREMPUAN,35,""ORANG"",2019"
"325,32,""JAWA BARAT"",""KABUPATEN BOGOR"",LAKI-LAKI,639,""ORANG"",2020"
"326,32,""JAWA BARAT"",""KABUPATEN BOGOR"",PEREMPUAN,657,""ORANG"",2020"
"327,32,""JAWA BARAT"",""KABUPATEN SUKABUMI"",LAKI-LAKI,265,""ORANG"",2020"
"328,32,""JAWA BARAT"",""KABUPATEN SUKABUMI"",PEREMPUAN,296,""ORANG"",2020"
"329,32,""JAWA BARAT"",""KABUPATEN CIANJUR"",LAKI-LAKI,337,""ORANG"",2020"
"330,32,""JAWA BARAT"",""KABUPATEN CIANJUR"",PEREMPUAN,347,""ORANG"",2020"
"331,32,""JAWA BARAT"",""KABUPATEN BANDUNG"",LAKI-LAKI,1174,""ORANG"",2020"
"332,32,""JAWA BARAT"",""KABUPATEN BANDUNG"",PEREMPUAN,1129,""ORANG"",2020"
"333,32,""JAWA BARAT"",""KABUPATEN GARUT"",LAKI-LAKI,354,""ORANG"",2020"
"334,32,""JAWA BARAT"",""KABUPATEN GARUT"",PEREMPUAN,297,""ORANG"",2020"
"335,32,""JAWA BARAT"",""KABUPATEN TASIKMALAYA"",LAKI-LAKI,121,""ORANG"",2020"
"336,32,""JAWA BARAT"",""KABUPATEN TASIKMALAYA"",PEREMPUAN,58,""ORANG"",2020"
"337,32,""JAWA BARAT"",""KABUPATEN CIAMIS"",LAKI-LAKI,715,""ORANG"",2020"
"338,32,""JAWA BARAT"",""KABUPATEN CIAMIS"",PEREMPUAN,742,""ORANG"",2020"
"339,32,""JAWA BARAT"",""KABUPATEN KUNINGAN"",LAKI-LAKI,170,""ORANG"",2020"
"340,32,""JAWA BARAT"",""KABUPATEN KUNINGAN"",PEREMPUAN,192,""ORANG"",2020"
"341,32,""JAWA BARAT"",""KABUPATEN CIREBON"",LAKI-LAKI,456,""ORANG"",2020"
"342,32,""JAWA BARAT"",""KABUPATEN CIREBON"",PEREMPUAN,424,""ORANG"",2020"
"343,32,""JAWA BARAT"",""KABUPATEN MAJALENGKA"",LAKI-LAKI,614,""ORANG"",2020"
"344,32,""JAWA BARAT"",""KABUPATEN MAJALENGKA"",PEREMPUAN,539,""ORANG"",2020"
"345,32,""JAWA BARAT"",""KABUPATEN SUMEDANG"",LAKI-LAKI,326,""ORANG"",2020"
"346,32,""JAWA BARAT"",""KABUPATEN SUMEDANG"",PEREMPUAN,381,""ORANG"",2020"
"347,32,""JAWA BARAT"",""KABUPATEN INDRAMAYU"",LAKI-LAKI,115,""ORANG"",2020"
"348,32,""JAWA BARAT"",""KABUPATEN INDRAMAYU"",PEREMPUAN,99,""ORANG"",2020"
"349,32,""JAWA BARAT"",""KABUPATEN SUBANG"",LAKI-LAKI,171,""ORANG"",2020"
"350,32,""JAWA BARAT"",""KABUPATEN SUBANG"",PEREMPUAN,112,""ORANG"",2020"
"351,32,""JAWA BARAT"",""KABUPATEN PURWAKARTA"",LAKI-LAKI,267,""ORANG"",2020"
"352,32,""JAWA BARAT"",""KABUPATEN PURWAKARTA"",PEREMPUAN,267,""ORANG"",2020"
"353,32,""JAWA BARAT"",""KABUPATEN KARAWANG"",LAKI-LAKI,735,""ORANG"",2020"
"354,32,""JAWA BARAT"",""KABUPATEN KARAWANG"",PEREMPUAN,594,""ORANG"",2020"
"355,32,""JAWA BARAT"",""KABUPATEN BEKASI"",LAKI-LAKI,171,""ORANG"",2020"
"356,32,""JAWA BARAT"",""KABUPATEN BEKASI"",PEREMPUAN,146,""ORANG"",2020"
"357,32,""JAWA BARAT"",""KABUPATEN BANDUNG BARAT"",LAKI-LAKI,506,""ORANG"",2020"
"358,32,""JAWA BARAT"",""KABUPATEN BANDUNG BARAT"",PEREMPUAN,462,""ORANG"",2020"
"359,32,""JAWA BARAT"",""KABUPATEN PANGANDARAN"",LAKI-LAKI,97,""ORANG"",2020"
"360,32,""JAWA BARAT"",""KABUPATEN PANGANDARAN"",PEREMPUAN,99,""ORANG"",2020"
"361,32,""JAWA BARAT"",""KOTA BOGOR"",LAKI-LAKI,149,""ORANG"",2020"
"362,32,""JAWA BARAT"",""KOTA BOGOR"",PEREMPUAN,92,""ORANG"",2020"
"363,32,""JAWA BARAT"",""KOTA SUKABUMI"",LAKI-LAKI,348,""ORANG"",2020"
"364,32,""JAWA BARAT"",""KOTA SUKABUMI"",PEREMPUAN,303,""ORANG"",2020"
"365,32,""JAWA BARAT"",""KOTA BANDUNG"",LAKI-LAKI,2322,""ORANG"",2020"
"366,32,""JAWA BARAT"",""KOTA BANDUNG"",PEREMPUAN,2102,""ORANG"",2020"
"367,32,""JAWA BARAT"",""KOTA CIREBON"",LAKI-LAKI,83,""ORANG"",2020"
"368,32,""JAWA BARAT"",""KOTA CIREBON"",PEREMPUAN,88,""ORANG"",2020"
"369,32,""JAWA BARAT"",""KOTA BEKASI"",LAKI-LAKI,936,""ORANG"",2020"
"370,32,""JAWA BARAT"",""KOTA BEKASI"",PEREMPUAN,710,""ORANG"",2020"
"371,32,""JAWA BARAT"",""KOTA DEPOK"",LAKI-LAKI,670,""ORANG"",2020"
"372,32,""JAWA BARAT"",""KOTA DEPOK"",PEREMPUAN,606,""ORANG"",2020"
"373,32,""JAWA BARAT"",""KOTA CIMAHI"",LAKI-LAKI,211,""ORANG"",2020"
"374,32,""JAWA BARAT"",""KOTA CIMAHI"",PEREMPUAN,222,""ORANG"",2020"
"375,32,""JAWA BARAT"",""KOTA TASIKMALAYA"",LAKI-LAKI,691,""ORANG"",2020"
"376,32,""JAWA BARAT"",""KOTA TASIKMALAYA"",PEREMPUAN,718,""ORANG"",2020"
"377,32,""JAWA BARAT"",""KOTA BANJAR"",LAKI-LAKI,69,""ORANG"",2020"
"378,32,""JAWA BARAT"",""KOTA BANJAR"",PEREMPUAN,77,""ORANG"",2020"
"379,32,""JAWA BARAT"",""KABUPATEN BOGOR"",LAKI-LAKI,1121,""ORANG"",2021"
"380,32,""JAWA BARAT"",""KABUPATEN BOGOR"",PEREMPUAN,1099,""ORANG"",2021"
"381,32,""JAWA BARAT"",""KABUPATEN SUKABUMI"",LAKI-LAKI,139,""ORANG"",2021"
"382,32,""JAWA BARAT"",""KABUPATEN SUKABUMI"",PEREMPUAN,142,""ORANG"",2021"
"383,32,""JAWA BARAT"",""KABUPATEN CIANJUR"",LAKI-LAKI,245,""ORANG"",2021"
"384,32,""JAWA BARAT"",""KABUPATEN CIANJUR"",PEREMPUAN,191,""ORANG"",2021"
"385,32,""JAWA BARAT"",""KABUPATEN BANDUNG"",LAKI-LAKI,990,""ORANG"",2021"
"386,32,""JAWA BARAT"",""KABUPATEN BANDUNG"",PEREMPUAN,1012,""ORANG"",2021"
"387,32,""JAWA BARAT"",""KABUPATEN GARUT"",LAKI-LAKI,509,""ORANG"",2021"
"388,32,""JAWA BARAT"",""KABUPATEN GARUT"",PEREMPUAN,502,""ORANG"",2021"
"389,32,""JAWA BARAT"",""KABUPATEN TASIKMALAYA"",LAKI-LAKI,14,""ORANG"",2021"
"390,32,""JAWA BARAT"",""KABUPATEN TASIKMALAYA"",PEREMPUAN,34,""ORANG"",2021"
"391,32,""JAWA BARAT"",""KABUPATEN CIAMIS"",LAKI-LAKI,236,""ORANG"",2021"
"392,32,""JAWA BARAT"",""KABUPATEN CIAMIS"",PEREMPUAN,230,""ORANG"",2021"
"393,32,""JAWA BARAT"",""KABUPATEN KUNINGAN"",LAKI-LAKI,257,""ORANG"",2021"
"394,32,""JAWA BARAT"",""KABUPATEN KUNINGAN"",PEREMPUAN,287,""ORANG"",2021"
"395,32,""JAWA BARAT"",""KABUPATEN CIREBON"",LAKI-LAKI,408,""ORANG"",2021"
"396,32,""JAWA BARAT"",""KABUPATEN CIREBON"",PEREMPUAN,412,""ORANG"",2021"
"397,32,""JAWA BARAT"",""KABUPATEN MAJALENGKA"",LAKI-LAKI,411,""ORANG"",2021"
"398,32,""JAWA BARAT"",""KABUPATEN MAJALENGKA"",PEREMPUAN,371,""ORANG"",2021"
"399,32,""JAWA BARAT"",""KABUPATEN SUMEDANG"",LAKI-LAKI,619,""ORANG"",2021"
"400,32,""JAWA BARAT"",""KABUPATEN SUMEDANG"",PEREMPUAN,712,""ORANG"",2021"
"401,32,""JAWA BARAT"",""KABUPATEN INDRAMAYU"",LAKI-LAKI,111,""ORANG"",2021"
"402,32,""JAWA BARAT"",""KABUPATEN INDRAMAYU"",PEREMPUAN,83,""ORANG"",2021"
"403,32,""JAWA BARAT"",""KABUPATEN SUBANG"",LAKI-LAKI,155,""ORANG"",2021"
"404,32,""JAWA BARAT"",""KABUPATEN SUBANG"",PEREMPUAN,132,""ORANG"",2021"
"405,32,""JAWA BARAT"",""KABUPATEN PURWAKARTA"",LAKI-LAKI,130,""ORANG"",2021"
"406,32,""JAWA BARAT"",""KABUPATEN PURWAKARTA"",PEREMPUAN,90,""ORANG"",2021"
"407,32,""JAWA BARAT"",""KABUPATEN KARAWANG"",LAKI-LAKI,533,""ORANG"",2021"
"408,32,""JAWA BARAT"",""KABUPATEN KARAWANG"",PEREMPUAN,396,""ORANG"",2021"
"409,32,""JAWA BARAT"",""KABUPATEN BEKASI"",LAKI-LAKI,197,""ORANG"",2021"
"410,32,""JAWA BARAT"",""KABUPATEN BEKASI"",PEREMPUAN,173,""ORANG"",2021"
"411,32,""JAWA BARAT"",""KABUPATEN BANDUNG BARAT"",LAKI-LAKI,150,""ORANG"",2021"
"412,32,""JAWA BARAT"",""KABUPATEN BANDUNG BARAT"",PEREMPUAN,159,""ORANG"",2021"
"413,32,""JAWA BARAT"",""KABUPATEN PANGANDARAN"",LAKI-LAKI,40,""ORANG"",2021"
"414,32,""JAWA BARAT"",""KABUPATEN PANGANDARAN"",PEREMPUAN,40,""ORANG"",2021"
"415,32,""JAWA BARAT"",""KOTA BOGOR"",LAKI-LAKI,264,""ORANG"",2021"
"416,32,""JAWA BARAT"",""KOTA BOGOR"",PEREMPUAN,262,""ORANG"",2021"
"417,32,""JAWA BARAT"",""KOTA SUKABUMI"",LAKI-LAKI,249,""ORANG"",2021"
"418,32,""JAWA BARAT"",""KOTA SUKABUMI"",PEREMPUAN,201,""ORANG"",2021"
"419,32,""JAWA BARAT"",""KOTA BANDUNG"",LAKI-LAKI,1951,""ORANG"",2021"
"420,32,""JAWA BARAT"",""KOTA BANDUNG"",PEREMPUAN,1792,""ORANG"",2021"
"421,32,""JAWA BARAT"",""KOTA CIREBON"",LAKI-LAKI,51,""ORANG"",2021"
"422,32,""JAWA BARAT"",""KOTA CIREBON"",PEREMPUAN,53,""ORANG"",2021"
"423,32,""JAWA BARAT"",""KOTA BEKASI"",LAKI-LAKI,1031,""ORANG"",2021"
"424,32,""JAWA BARAT"",""KOTA BEKASI"",PEREMPUAN,975,""ORANG"",2021"
"425,32,""JAWA BARAT"",""KOTA DEPOK"",LAKI-LAKI,1707,""ORANG"",2021"
"426,32,""JAWA BARAT"",""KOTA DEPOK"",PEREMPUAN,1448,""ORANG"",2021"
"427,32,""JAWA BARAT"",""KOTA CIMAHI"",LAKI-LAKI,346,""ORANG"",2021"
"428,32,""JAWA BARAT"",""KOTA CIMAHI"",PEREMPUAN,352,""ORANG"",2021"
"429,32,""JAWA BARAT"",""KOTA TASIKMALAYA"",LAKI-LAKI,449,""ORANG"",2021"
"430,32,""JAWA BARAT"",""KOTA TASIKMALAYA"",PEREMPUAN,460,""ORANG"",2021"
"431,32,""JAWA BARAT"",""KOTA BANJAR"",LAKI-LAKI,19,""ORANG"",2021"
"432,32,""JAWA BARAT"",""KOTA BANJAR"",PEREMPUAN,19,""ORANG"",2021"
"433,32,""JAWA BARAT"",""KABUPATEN BOGOR"",LAKI-LAKI,948,""ORANG"",2022"
"434,32,""JAWA BARAT"",""KABUPATEN BOGOR"",PEREMPUAN,1005,""ORANG"",2022"
"435,32,""JAWA BARAT"",""KABUPATEN SUKABUMI"",LAKI-LAKI,186,""ORANG"",2022"
"436,32,""JAWA BARAT"",""KABUPATEN SUKABUMI"",PEREMPUAN,197,""ORANG"",2022"
"437,32,""JAWA BARAT"",""KABUPATEN CIANJUR"",LAKI-LAKI,433,""ORANG"",2022"
"438,32,""JAWA BARAT"",""KABUPATEN CIANJUR"",PEREMPUAN,386,""ORANG"",2022"
"439,32,""JAWA BARAT"",""KABUPATEN BANDUNG"",LAKI-LAKI,2014,""ORANG"",2022"
"440,32,""JAWA BARAT"",""KABUPATEN BANDUNG"",PEREMPUAN,2177,""ORANG"",2022"
"441,32,""JAWA BARAT"",""KABUPATEN GARUT"",LAKI-LAKI,420,""ORANG"",2022"
"442,32,""JAWA BARAT"",""KABUPATEN GARUT"",PEREMPUAN,484,""ORANG"",2022"
"443,32,""JAWA BARAT"",""KABUPATEN TASIKMALAYA"",LAKI-LAKI,146,""ORANG"",2022"
"444,32,""JAWA BARAT"",""KABUPATEN TASIKMALAYA"",PEREMPUAN,173,""ORANG"",2022"
"445,32,""JAWA BARAT"",""KABUPATEN CIAMIS"",LAKI-LAKI,337,""ORANG"",2022"
"446,32,""JAWA BARAT"",""KABUPATEN CIAMIS"",PEREMPUAN,365,""ORANG"",2022"
"447,32,""JAWA BARAT"",""KABUPATEN KUNINGAN"",LAKI-LAKI,712,""ORANG"",2022"
"448,32,""JAWA BARAT"",""KABUPATEN KUNINGAN"",PEREMPUAN,762,""ORANG"",2022"
"449,32,""JAWA BARAT"",""KABUPATEN CIREBON"",LAKI-LAKI,948,""ORANG"",2022"
"450,32,""JAWA BARAT"",""KABUPATEN CIREBON"",PEREMPUAN,867,""ORANG"",2022"
"451,32,""JAWA BARAT"",""KABUPATEN MAJALENGKA"",LAKI-LAKI,325,""ORANG"",2022"
"452,32,""JAWA BARAT"",""KABUPATEN MAJALENGKA"",PEREMPUAN,316,""ORANG"",2022"
"453,32,""JAWA BARAT"",""KABUPATEN SUMEDANG"",LAKI-LAKI,1124,""ORANG"",2022"
"454,32,""JAWA BARAT"",""KABUPATEN SUMEDANG"",PEREMPUAN,1062,""ORANG"",2022"
"455,32,""JAWA BARAT"",""KABUPATEN INDRAMAYU"",LAKI-LAKI,190,""ORANG"",2022"
"456,32,""JAWA BARAT"",""KABUPATEN INDRAMAYU"",PEREMPUAN,180,""ORANG"",2022"
"457,32,""JAWA BARAT"",""KABUPATEN SUBANG"",LAKI-LAKI,491,""ORANG"",2022"
"458,32,""JAWA BARAT"",""KABUPATEN SUBANG"",PEREMPUAN,504,""ORANG"",2022"
"459,32,""JAWA BARAT"",""KABUPATEN PURWAKARTA"",LAKI-LAKI,210,""ORANG"",2022"
"460,32,""JAWA BARAT"",""KABUPATEN PURWAKARTA"",PEREMPUAN,202,""ORANG"",2022"
"461,32,""JAWA BARAT"",""KABUPATEN KARAWANG"",LAKI-LAKI,732,""ORANG"",2022"
"462,32,""JAWA BARAT"",""KABUPATEN KARAWANG"",PEREMPUAN,588,""ORANG"",2022"
"463,32,""JAWA BARAT"",""KABUPATEN BEKASI"",LAKI-LAKI,533,""ORANG"",2022"
"464,32,""JAWA BARAT"",""KABUPATEN BEKASI"",PEREMPUAN,476,""ORANG"",2022"
"465,32,""JAWA BARAT"",""KABUPATEN BANDUNG BARAT"",LAKI-LAKI,628,""ORANG"",2022"
"466,32,""JAWA BARAT"",""KABUPATEN BANDUNG BARAT"",PEREMPUAN,632,""ORANG"",2022"
"467,32,""JAWA BARAT"",""KABUPATEN PANGANDARAN"",LAKI-LAKI,252,""ORANG"",2022"
"468,32,""JAWA BARAT"",""KABUPATEN PANGANDARAN"",PEREMPUAN,250,""ORANG"",2022"
"469,32,""JAWA BARAT"",""KOTA BOGOR"",LAKI-LAKI,770,""ORANG"",2022"
"470,32,""JAWA BARAT"",""KOTA BOGOR"",PEREMPUAN,761,""ORANG"",2022"
"471,32,""JAWA BARAT"",""KOTA SUKABUMI"",LAKI-LAKI,487,""ORANG"",2022"
"472,32,""JAWA BARAT"",""KOTA SUKABUMI"",PEREMPUAN,541,""ORANG"",2022"
"473,32,""JAWA BARAT"",""KOTA BANDUNG"",LAKI-LAKI,2646,""ORANG"",2022"
"474,32,""JAWA BARAT"",""KOTA BANDUNG"",PEREMPUAN,2559,""ORANG"",2022"
"475,32,""JAWA BARAT"",""KOTA CIREBON"",LAKI-LAKI,139,""ORANG"",2022"
"476,32,""JAWA BARAT"",""KOTA CIREBON"",PEREMPUAN,131,""ORANG"",2022"
"477,32,""JAWA BARAT"",""KOTA BEKASI"",LAKI-LAKI,1233,""ORANG"",2022"
"478,32,""JAWA BARAT"",""KOTA BEKASI"",PEREMPUAN,1209,""ORANG"",2022"
"479,32,""JAWA BARAT"",""KOTA DEPOK"",LAKI-LAKI,1178,""ORANG"",2022"
"480,32,""JAWA BARAT"",""KOTA DEPOK"",PEREMPUAN,1056,""ORANG"",2022"
"481,32,""JAWA BARAT"",""KOTA CIMAHI"",LAKI-LAKI,305,""ORANG"",2022"
"482,32,""JAWA BARAT"",""KOTA CIMAHI"",PEREMPUAN,370,""ORANG"",2022"
"483,32,""JAWA BARAT"",""KOTA TASIKMALAYA"",LAKI-LAKI,912,""ORANG"",2022"
"484,32,""JAWA BARAT"",""KOTA TASIKMALAYA"",PEREMPUAN,943,""ORANG"",2022"
"485,32,""JAWA BARAT"",""KOTA BANJAR"",LAKI-LAKI,56,""ORANG"",2022"
"486,32,""JAWA BARAT"",""KOTA BANJAR"",PEREMPUAN,57,""ORANG"",2022"
"487,32,""JAWA BARAT"",""KABUPATEN BOGOR"",LAKI-LAKI,945,""ORANG"",2023"
"488,32,""JAWA BARAT"",""KABUPATEN BOGOR"",PEREMPUAN,936,""ORANG"",2023"
"489,32,""JAWA BARAT"",""KABUPATEN SUKABUMI"",LAKI-LAKI,60,""ORANG"",2023"
"490,32,""JAWA BARAT"",""KABUPATEN SUKABUMI"",PEREMPUAN,53,""ORANG"",2023"
"491,32,""JAWA BARAT"",""KABUPATEN CIANJUR"",LAKI-LAKI,397,""ORANG"",2023"
"492,32,""JAWA BARAT"",""KABUPATEN CIANJUR"",PEREMPUAN,432,""ORANG"",2023"
"493,32,""JAWA BARAT"",""KABUPATEN BANDUNG"",LAKI-LAKI,502,""ORANG"",2023"
"494,32,""JAWA BARAT"",""KABUPATEN BANDUNG"",PEREMPUAN,503,""ORANG"",2023"
"495,32,""JAWA BARAT"",""KABUPATEN GARUT"",LAKI-LAKI,323,""ORANG"",2023"
"496,32,""JAWA BARAT"",""KABUPATEN GARUT"",PEREMPUAN,407,""ORANG"",2023"
"497,32,""JAWA BARAT"",""KABUPATEN TASIKMALAYA"",LAKI-LAKI,41,""ORANG"",2023"
"498,32,""JAWA BARAT"",""KABUPATEN TASIKMALAYA"",PEREMPUAN,47,""ORANG"",2023"
"499,32,""JAWA BARAT"",""KABUPATEN CIAMIS"",LAKI-LAKI,112,""ORANG"",2023"
"500,32,""JAWA BARAT"",""KABUPATEN CIAMIS"",PEREMPUAN,120,""ORANG"",2023"
"501,32,""JAWA BARAT"",""KABUPATEN KUNINGAN"",LAKI-LAKI,357,""ORANG"",2023"
"502,32,""JAWA BARAT"",""KABUPATEN KUNINGAN"",PEREMPUAN,273,""ORANG"",2023"
"503,32,""JAWA BARAT"",""KABUPATEN CIREBON"",LAKI-LAKI,400,""ORANG"",2023"
"504,32,""JAWA BARAT"",""KABUPATEN CIREBON"",PEREMPUAN,328,""ORANG"",2023"
"505,32,""JAWA BARAT"",""KABUPATEN MAJALENGKA"",LAKI-LAKI,135,""ORANG"",2023"
"506,32,""JAWA BARAT"",""KABUPATEN MAJALENGKA"",PEREMPUAN,118,""ORANG"",2023"
"507,32,""JAWA BARAT"",""KABUPATEN SUMEDANG"",LAKI-LAKI,727,""ORANG"",2023"
"508,32,""JAWA BARAT"",""KABUPATEN SUMEDANG"",PEREMPUAN,581,""ORANG"",2023"
"509,32,""JAWA BARAT"",""KABUPATEN INDRAMAYU"",LAKI-LAKI,127,""ORANG"",2023"
"510,32,""JAWA BARAT"",""KABUPATEN INDRAMAYU"",PEREMPUAN,91,""ORANG"",2023"
"511,32,""JAWA BARAT"",""KABUPATEN SUBANG"",LAKI-LAKI,328,""ORANG"",2023"
"512,32,""JAWA BARAT"",""KABUPATEN SUBANG"",PEREMPUAN,290,""ORANG"",2023"
"513,32,""JAWA BARAT"",""KABUPATEN PURWAKARTA"",LAKI-LAKI,204,""ORANG"",2023"
"514,32,""JAWA BARAT"",""KABUPATEN PURWAKARTA"",PEREMPUAN,220,""ORANG"",2023"
"515,32,""JAWA BARAT"",""KABUPATEN KARAWANG"",LAKI-LAKI,540,""ORANG"",2023"
"516,32,""JAWA BARAT"",""KABUPATEN KARAWANG"",PEREMPUAN,451,""ORANG"",2023"
"517,32,""JAWA BARAT"",""KABUPATEN BEKASI"",LAKI-LAKI,375,""ORANG"",2023"
"518,32,""JAWA BARAT"",""KABUPATEN BEKASI"",PEREMPUAN,351,""ORANG"",2023"
"519,32,""JAWA BARAT"",""KABUPATEN BANDUNG BARAT"",LAKI-LAKI,665,""ORANG"",2023"
"520,32,""JAWA BARAT"",""KABUPATEN BANDUNG BARAT"",PEREMPUAN,657,""ORANG"",2023"
"521,32,""JAWA BARAT"",""KABUPATEN PANGANDARAN"",LAKI-LAKI,128,""ORANG"",2023"
"522,32,""JAWA BARAT"",""KABUPATEN PANGANDARAN"",PEREMPUAN,125,""ORANG"",2023"
"523,32,""JAWA BARAT"",""KOTA BOGOR"",LAKI-LAKI,772,""ORANG"",2023"
"524,32,""JAWA BARAT"",""KOTA BOGOR"",PEREMPUAN,702,""ORANG"",2023"
"525,32,""JAWA BARAT"",""KOTA SUKABUMI"",LAKI-LAKI,201,""ORANG"",2023"
"526,32,""JAWA BARAT"",""KOTA SUKABUMI"",PEREMPUAN,214,""ORANG"",2023"
"527,32,""JAWA BARAT"",""KOTA BANDUNG"",LAKI-LAKI,977,""ORANG"",2023"
"528,32,""JAWA BARAT"",""KOTA BANDUNG"",PEREMPUAN,879,""ORANG"",2023"
"529,32,""JAWA BARAT"",""KOTA CIREBON"",LAKI-LAKI,113,""ORANG"",2023"
"530,32,""JAWA BARAT"",""KOTA CIREBON"",PEREMPUAN,114,""ORANG"",2023"
"531,32,""JAWA BARAT"",""KOTA BEKASI"",LAKI-LAKI,639,""ORANG"",2023"
"532,32,""JAWA BARAT"",""KOTA BEKASI"",PEREMPUAN,581,""ORANG"",2023"
"533,32,""JAWA BARAT"",""KOTA DEPOK"",LAKI-LAKI,603,""ORANG"",2023"
"534,32,""JAWA BARAT"",""KOTA DEPOK"",PEREMPUAN,428,""ORANG"",2023"
"535,32,""JAWA BARAT"",""KOTA CIMAHI"",LAKI-LAKI,173,""ORANG"",2023"
"536,32,""JAWA BARAT"",""KOTA CIMAHI"",PEREMPUAN,177,""ORANG"",2023"
"537,32,""JAWA BARAT"",""KOTA TASIKMALAYA"",LAKI-LAKI,179,""ORANG"",2023"
"538,32,""JAWA BARAT"",""KOTA TASIKMALAYA"",PEREMPUAN,174,""ORANG"",2023"
"539,32,""JAWA BARAT"",""KOTA BANJAR"",LAKI-LAKI,24,""ORANG"",2023"
"540,32,""JAWA BARAT"",""KOTA BANJAR"",PEREMPUAN,29,""ORANG"",2023"
